timestamp,date,page,referer,device,ip,session_id
"2025-11-04 03:43:40",2025-11-04,/mdkm/landingpage.php,Direct,Desktop,::1,
"2025-11-04 03:43:43",2025-11-04,/mdkm/landingpage.php?lang=en,http://localhost/mdkm/landingpage.php,Desktop,::1,
"2025-11-04 03:43:49",2025-11-04,/mdkm/landingpage.php?lang=ms,http://localhost/mdkm/landingpage.php?lang=en,Desktop,::1,
"2025-11-04 03:43:54",2025-11-04,/mdkm/landingpage.php?lang=en,http://localhost/mdkm/landingpage.php?lang=ms,Desktop,::1,
"2025-11-04 03:44:13",2025-11-04,/mdkm/landingpage.php?lang=en,http://localhost/mdkm/landingpage.php?lang=ms,Desktop,::1,
"2025-11-04 03:44:13",2025-11-04,/mdkm/landingpage.php?lang=en,http://localhost/mdkm/landingpage.php?lang=ms,Desktop,::1,
"2025-11-04 03:44:14",2025-11-04,/mdkm/landingpage.php?lang=en,http://localhost/mdkm/landingpage.php?lang=ms,Desktop,::1,
"2025-11-04 03:44:14",2025-11-04,/mdkm/landingpage.php?lang=en,http://localhost/mdkm/landingpage.php?lang=ms,Desktop,::1,
"2025-11-04 03:45:14",2025-11-04,/mdkm/landingpage.php?lang=en,http://localhost/mdkm/landingpage.php?lang=ms,Desktop,::1,
"2025-11-04 03:45:18",2025-11-04,/mdkm/landingpage.php?lang=ms,http://localhost/mdkm/landingpage.php?lang=en,Desktop,::1,
"2025-11-04 03:45:20",2025-11-04,/mdkm/landingpage.php?lang=en,http://localhost/mdkm/landingpage.php?lang=ms,Desktop,::1,
"2025-11-04 03:45:22",2025-11-04,/mdkm/landingpage.php?lang=ms,http://localhost/mdkm/landingpage.php?lang=en,Desktop,::1,
"2025-11-04 03:47:51",2025-11-04,/mdkm/landingpage.php,http://localhost/mdkm/galeri-gambar.php,Desktop,::1,
"2025-11-04 03:47:53",2025-11-04,/mdkm/landingpage.php?lang=en,http://localhost/mdkm/landingpage.php,Desktop,::1,
"2025-11-04 03:47:57",2025-11-04,/mdkm/landingpage.php?lang=ms,http://localhost/mdkm/landingpage.php?lang=en,Desktop,::1,
"2025-11-04 03:50:19",2025-11-04,/mdkm/landingpage.php?lang=ms,http://localhost/mdkm/landingpage.php?lang=en,Desktop,::1,uhn3emmakj2ffci2s7dt536tlo
"2025-11-04 03:50:20",2025-11-04,/mdkm/landingpage.php?lang=ms,http://localhost/mdkm/landingpage.php?lang=en,Desktop,::1,uhn3emmakj2ffci2s7dt536tlo
"2025-11-04 03:50:22",2025-11-04,/mdkm/landingpage.php?lang=en,http://localhost/mdkm/landingpage.php?lang=ms,Desktop,::1,uhn3emmakj2ffci2s7dt536tlo
"2025-11-04 03:50:29",2025-11-04,/mdkm/landingpage.php?lang=ms,http://localhost/mdkm/landingpage.php?lang=en,Desktop,::1,uhn3emmakj2ffci2s7dt536tlo
"2025-11-04 03:50:37",2025-11-04,/mdkm/landingpage.php?lang=en,http://localhost/mdkm/landingpage.php?lang=ms,Desktop,::1,uhn3emmakj2ffci2s7dt536tlo
"2025-11-04 03:50:41",2025-11-04,/mdkm/landingpage.php?lang=en,http://localhost/mdkm/landingpage.php?lang=ms,Desktop,::1,uhn3emmakj2ffci2s7dt536tlo
"2025-11-04 03:50:46",2025-11-04,/mdkm/landingpage.php?lang=ms,http://localhost/mdkm/landingpage.php?lang=en,Desktop,::1,uhn3emmakj2ffci2s7dt536tlo
"2025-11-04 03:50:48",2025-11-04,/mdkm/landingpage.php?lang=en,http://localhost/mdkm/landingpage.php?lang=ms,Desktop,::1,uhn3emmakj2ffci2s7dt536tlo
"2025-11-04 03:50:54",2025-11-04,/mdkm/landingpage.php?lang=ms,http://localhost/mdkm/landingpage.php?lang=en,Desktop,::1,uhn3emmakj2ffci2s7dt536tlo
"2025-11-04 03:51:06",2025-11-04,/mdkm/landingpage.php?lang=ms,http://localhost/mdkm/landingpage.php?lang=en,Desktop,::1,uhn3emmakj2ffci2s7dt536tlo
"2025-11-04 03:53:24",2025-11-04,/mdkm/landingpage.php?lang=ms,http://localhost/mdkm/landingpage.php?lang=en,Desktop,::1,uhn3emmakj2ffci2s7dt536tlo
"2025-11-04 03:53:46",2025-11-04,/mdkm/landingpage.php?lang=en,http://localhost/mdkm/landingpage.php?lang=ms,Desktop,::1,uhn3emmakj2ffci2s7dt536tlo
"2025-11-04 03:54:01",2025-11-04,/mdkm/landingpage.php?lang=en,http://localhost/mdkm/landingpage.php?lang=ms,Desktop,::1,uhn3emmakj2ffci2s7dt536tlo
"2025-11-04 03:56:02",2025-11-04,/mdkm/landingpage.php?lang=en,http://localhost/mdkm/landingpage.php?lang=ms,Desktop,::1,uhn3emmakj2ffci2s7dt536tlo
"2025-11-04 03:56:52",2025-11-04,/mdkm/landingpage.php?lang=ms,http://localhost/mdkm/landingpage.php?lang=en,Desktop,::1,uhn3emmakj2ffci2s7dt536tlo
"2025-11-04 03:57:05",2025-11-04,/mdkm/landingpage.php?lang=ms,http://localhost/mdkm/landingpage.php?lang=ms,Desktop,::1,uhn3emmakj2ffci2s7dt536tlo
